Danielle Brennan,hector76@jones-moore.org
Dustin Leblanc,jodisoto@reid.com
James Melendez,churley@hotmail.com
Maxwell Watson,nmorton@cole-barnes.com
Susan Whitehead,tracey31@yahoo.com
Vanessa Dennis,zstewart@gmail.com
Casey Guerrero,smithkimberly@yahoo.com
Matthew Greene,taylor50@hampton-thompson.com
Mrs. Monica Kelley MD,joneseddie@gmail.com
James Fitzpatrick,keithcole@rojas.com
Amber Jackson,jmartin@gmail.com
Juan Cameron,mthompson@gordon.com
F Oobar,memebigboy@email.org
Fo OBar,memebigboy@email.org
Foob Ar,memebigboy@email.org
Mike Hawk,memebigboy@email.org
Timothy Townsend MD,scott81@duncan.biz
Donna Todd,coffeyheather@bradley-sanchez.com
Julie Moran,louis85@anderson.biz
Amanda Rodriguez,jessicabryan@hotmail.com
Brandi Roman,donnabrown@fields.com
Stephen Scott,elizabethbrown@holland.net
Heather Moore,mcgrathjasmin@gmail.com
Savannah Smith,samuel65@gmail.com
