Bryan Kerr,tracywilliams@anderson.com
Austin Camacho,justinsimon@thomas-graham.com
Christopher Garcia,heatherfaulkner@hill.info
Mandy Higgins,townsendkevin@gmail.com
Billy Foster,shernandez@yahoo.com
F Oobar,memebigboy@email.org
Fo OBar,memebigboy@email.org
Foob Ar,memebigboy@email.org
Mike Hawk,memebigboy@email.org
Stephanie Davis,gibbstravis@parker.com
Steven Brewer,pwarren@gray-richardson.com
Mario Marks,jasonpena@gmail.com
Michael Frederick,seanmartinez@hotmail.com
Caleb Adams,umiller@hotmail.com
Krista Arnold,smolina@yahoo.com
Kenneth Cameron,mshaw@bell-hayes.biz
Abigail Gilbert,mendezjennifer@guerrero.com
Jon Rodriguez,marcwheeler@francis.com
Heidi Walker,hannahadams@mccall.com
Veronica Lamb,moseswilliam@taylor.com
Joseph Villa,jennifer10@gmail.com
Adrian Alexander,adamjackson@gmail.com
Johnny Morris,maxwellcole@yahoo.com
Cheryl Anderson,dsmith@gmail.com
